{
	"info": {
		"_postman_id": "b143b9d4-f319-459d-8d3a-50c4c9d86acc",
		"name": "Peticiones-ProyectoEmpresa",
		"schema": "https://schema.getpostman.com/json/collection/v2.1.0/collection.json"
	},
	"item": [
		{
			"name": "Crear Empresa",
			"request": {
				"method": "POST",
				"header": [],
				"body": {
					"mode": "urlencoded",
					"urlencoded": [
						{
							"key": "nameEnterprise",
							"value": "movistar",
							"type": "default"
						},
						{
							"key": "email",
							"value": "mov@gmail.com",
							"type": "default"
						},
						{
							"key": "password",
							"value": "mov123",
							"type": "default"
						},
						{
							"key": "tipoEnterprise",
							"value": "Distribuidora S.A",
							"type": "default"
						}
					]
				},
				"url": {
					"raw": "localhost:2005/api/create-enterprise",
					"host": [
						"localhost"
					],
					"port": "2005",
					"path": [
						"api",
						"create-enterprise"
					]
				}
			},
			"response": []
		},
		{
			"name": "Crear Empresa 2",
			"request": {
				"method": "POST",
				"header": [],
				"body": {
					"mode": "urlencoded",
					"urlencoded": [
						{
							"key": "nameEnterprise",
							"value": "taco-bell",
							"type": "default"
						},
						{
							"key": "email",
							"value": "tacobell@gmail.com",
							"type": "default"
						},
						{
							"key": "password",
							"value": "tacobell123",
							"type": "default"
						},
						{
							"key": "tipoEnterprise",
							"value": "Restaurante",
							"type": "default"
						}
					]
				},
				"url": {
					"raw": "localhost:2005/api/create-enterprise",
					"host": [
						"localhost"
					],
					"port": "2005",
					"path": [
						"api",
						"create-enterprise"
					]
				}
			},
			"response": []
		},
		{
			"name": "Mostrar Empresas",
			"request": {
				"method": "GET",
				"header": [],
				"url": {
					"raw": "localhost:2005/api/list-enterprises",
					"host": [
						"localhost"
					],
					"port": "2005",
					"path": [
						"api",
						"list-enterprises"
					]
				}
			},
			"response": []
		},
		{
			"name": "Iniciar Sesion",
			"request": {
				"method": "POST",
				"header": [],
				"body": {
					"mode": "urlencoded",
					"urlencoded": [
						{
							"key": "email",
							"value": "mov@gmail.com",
							"type": "default"
						},
						{
							"key": "password",
							"value": "mov123",
							"type": "default"
						}
					]
				},
				"url": {
					"raw": "localhost:2005/api/login",
					"host": [
						"localhost"
					],
					"port": "2005",
					"path": [
						"api",
						"login"
					]
				}
			},
			"response": []
		},
		{
			"name": "Actualizar Empresa",
			"request": {
				"method": "PUT",
				"header": [
					{
						"key": "token-28",
						"value": "eyJhbGciOiJIUzI1NiIsInR5cCI6IkpXVCJ9.eyJlaWQiOiI2NDAyZDY4MDA0NjA4M2I3NTZjNzhiZWEiLCJlbWFpbCI6Im1vdkBnbWFpbC5jb20iLCJpYXQiOjE2Nzc5MDc2MDMsImV4cCI6MTY3Nzk5NDAwM30.O2dRk5VWKp97OFla-KAQq9U_eMHdI9HVzwcY20SRu74",
						"type": "default"
					}
				],
				"body": {
					"mode": "urlencoded",
					"urlencoded": [
						{
							"key": "nameEnterprise",
							"value": "Claro",
							"type": "default"
						},
						{
							"key": "email",
							"value": "claro@gmail.com",
							"type": "default"
						},
						{
							"key": "password",
							"value": "claro123",
							"type": "default"
						}
					]
				},
				"url": {
					"raw": "localhost:2005/api/update-enterprise/6402ce38388ca23cf800ddf7",
					"host": [
						"localhost"
					],
					"port": "2005",
					"path": [
						"api",
						"update-enterprise",
						"6402ce38388ca23cf800ddf7"
					]
				}
			},
			"response": []
		},
		{
			"name": "Agregar Sucursal",
			"request": {
				"method": "POST",
				"header": [
					{
						"key": "token-28",
						"value": "eyJhbGciOiJIUzI1NiIsInR5cCI6IkpXVCJ9.eyJlaWQiOiI2NDAyZDY4MDA0NjA4M2I3NTZjNzhiZWEiLCJlbWFpbCI6Im1vdkBnbWFpbC5jb20iLCJpYXQiOjE2Nzc5MDc2MDMsImV4cCI6MTY3Nzk5NDAwM30.O2dRk5VWKp97OFla-KAQq9U_eMHdI9HVzwcY20SRu74",
						"type": "default"
					}
				],
				"body": {
					"mode": "urlencoded",
					"urlencoded": [
						{
							"key": "direccion",
							"value": "Mixco, Guatemala",
							"type": "default"
						},
						{
							"key": "nSucursal",
							"value": "15",
							"type": "default"
						}
					]
				},
				"url": {
					"raw": "localhost:2005/api/add-sucursal/6402ce38388ca23cf800ddf7",
					"host": [
						"localhost"
					],
					"port": "2005",
					"path": [
						"api",
						"add-sucursal",
						"6402ce38388ca23cf800ddf7"
					]
				}
			},
			"response": []
		},
		{
			"name": "Actualizar Sucursal",
			"request": {
				"method": "PUT",
				"header": [
					{
						"key": "token-28",
						"value": "eyJhbGciOiJIUzI1NiIsInR5cCI6IkpXVCJ9.eyJlaWQiOiI2NDAyZDY4MDA0NjA4M2I3NTZjNzhiZWEiLCJlbWFpbCI6Im1vdkBnbWFpbC5jb20iLCJpYXQiOjE2Nzc5MDc2MDMsImV4cCI6MTY3Nzk5NDAwM30.O2dRk5VWKp97OFla-KAQq9U_eMHdI9HVzwcY20SRu74",
						"type": "default"
					}
				],
				"body": {
					"mode": "urlencoded",
					"urlencoded": [
						{
							"key": "idSucursal",
							"value": "6402d6d9046083b756c78bf2",
							"type": "default"
						},
						{
							"key": "nSucursal",
							"value": "28",
							"type": "default"
						}
					]
				},
				"url": {
					"raw": "localhost:2005/api/update-sucursal/6402ce38388ca23cf800ddf7",
					"host": [
						"localhost"
					],
					"port": "2005",
					"path": [
						"api",
						"update-sucursal",
						"6402ce38388ca23cf800ddf7"
					]
				}
			},
			"response": []
		},
		{
			"name": "Eliminar Sucursal",
			"request": {
				"method": "DELETE",
				"header": [
					{
						"key": "token-28",
						"value": "eyJhbGciOiJIUzI1NiIsInR5cCI6IkpXVCJ9.eyJlaWQiOiI2NDAyZDY4MDA0NjA4M2I3NTZjNzhiZWEiLCJlbWFpbCI6Im1vdkBnbWFpbC5jb20iLCJpYXQiOjE2Nzc5MDc2MDMsImV4cCI6MTY3Nzk5NDAwM30.O2dRk5VWKp97OFla-KAQq9U_eMHdI9HVzwcY20SRu74",
						"type": "default"
					}
				],
				"body": {
					"mode": "urlencoded",
					"urlencoded": [
						{
							"key": "idSucursal",
							"value": "6402d6d9046083b756c78bf2",
							"type": "default"
						}
					]
				},
				"url": {
					"raw": "localhost:2005/api/delete-sucursal/6402ce38388ca23cf800ddf7",
					"host": [
						"localhost"
					],
					"port": "2005",
					"path": [
						"api",
						"delete-sucursal",
						"6402ce38388ca23cf800ddf7"
					]
				}
			},
			"response": []
		}
	]
}